-13.000554,8.449234,3,-2.465176
-13.034036,8.431035,3,-2.388457
-13.06567,8.411544,3,-2.308655
-13.095342,8.390798,3,-2.226534
-13.123225,8.3683,3,-2.151273
-13.149497,8.343648,1.401677,-2.088643
-13.17411,8.317082,1.45861,-2.035561
-13.197073,8.288843,1.587839,-1.989918
-13.218552,8.258954,1.697878,-1.952861
-13.23876,8.227442,1.911593,-1.924437
-13.2578,8.194518,2.030845,-1.902111
-13.275785,8.160361,2.209115,-1.884171
-13.292826,8.12512,2.300431,-1.869493
-13.309035,8.088922,2.434384,-1.85737
-13.324523,8.051876,2.501339,-1.847386
-13.339395,8.014075,2.583241,-1.839325
-13.353736,7.975592,2.615692,-1.832853
-13.367566,7.936473,2.701283,-1.827062
-13.380943,7.896769,2.743128,-1.821786
-13.393878,7.856513,2.72619,-1.816443
-13.406418,7.815749,2.713755,-1.811115
-13.418563,7.774501,2.783562,-1.80539
-13.430354,7.732804,2.792233,-1.799484
-13.441781,7.690677,2.802128,-1.79307
-13.452875,7.64815,2.807021,-1.786429
-13.46362,7.605236,2.818095,-1.779271
-13.474043,7.561961,2.820867,-1.771911
-13.484122,7.518337,2.828314,-1.76407
-13.493878,7.474384,2.828988,-1.756076
-13.503285,7.430114,2.834115,-1.747649
-13.512363,7.385545,2.833301,-1.739122
-13.521084,7.340686,2.832978,-1.730211
-13.529464,7.295554,2.828215,-1.721248
-13.537473,7.250157,2.8489,-1.711942
-13.545129,7.204511,2.861169,-1.702622
-13.552399,7.158623,2.84543,-1.692994
-13.559324,7.112511,2.833298,-1.68368
-13.565944,7.066193,2.866966,-1.675147
-13.572226,7.019674,2.866082,-1.666934
-13.578191,6.972966,2.864339,-1.65924
-13.583811,6.926076,2.862873,-1.651655
-13.589108,6.879016,2.865457,-1.644423
-13.594057,6.831791,2.865344,-1.637165
-13.598683,6.784413,2.87209,-1.630158
-13.60296,6.736889,2.877632,-1.623044
-13.606938,6.689229,2.890712,-1.616423
-13.610666,6.641445,2.894875,-1.610743
-13.614117,6.593542,2.899994,-1.605506
-13.61732,6.545528,2.90065,-1.600897
-13.620254,6.497407,2.90469,-1.596477
-13.622949,6.449186,2.905719,-1.592484
-13.625386,6.400871,2.910033,-1.588522
-13.627596,6.352468,2.911239,-1.584861
-13.62956,6.30398,2.916068,-1.581131
-13.631309,6.255415,2.919235,-1.577629
-13.632823,6.206774,2.931441,-1.573999
-13.634158,6.158065,2.940176,-1.570863
-13.635367,6.109292,2.949385,-1.568688
-13.636429,6.060458,2.951865,-1.56697
-13.637376,6.011566,2.955944,-1.565902
-13.638189,5.96262,2.958019,-1.565042
-13.638904,5.913623,2.9624,-1.564633
-13.639503,5.864576,2.964736,-1.564272
-13.640022,5.815484,2.968581,-1.564237
-13.640444,5.766347,2.970531,-1.56415
-13.640804,5.717169,2.976952,-1.564312
-13.641083,5.667952,2.980317,-1.564363
-13.641315,5.618697,2.979359,-1.564616
-13.641481,5.569406,2.979473,-1.564723
-13.641613,5.520082,2.984727,-1.565006
-13.641691,5.470725,2.983318,-1.565124
-13.641746,5.421338,2.971993,-1.565404
-13.64173,5.371921,2.956784,-1.565192
-13.641572,5.322478,2.932475,-1.563682
-13.6412,5.273008,2.917822,-1.560231
-13.64054,5.224005,2.914999,-1.553969
-13.63965,5.175446,2.919232,-1.546242
-13.638578,5.126822,2.926583,-1.538547
-13.637279,5.078139,2.931478,-1.5306
-13.635787,5.0294,2.949505,-1.523074
-13.63416,4.980606,2.965284,-1.516786
-13.632458,4.931758,2.988321,-1.512383
-13.630746,4.882858,2.99936,-1.510377
-13.629068,4.833905,2.986792,-1.510859
-13.627402,4.784904,2.977076,-1.513017
-13.625809,4.735854,2.961141,-1.517106
-13.624357,4.686755,2.9512,-1.523295
-13.623038,4.637611,2.943854,-1.530835
-13.621905,4.588423,2.941333,-1.539725
-13.620933,4.539193,2.940514,-1.549048
-13.620103,4.489924,2.936106,-1.558104
-13.619469,4.440618,2.928636,-1.567221
-13.619033,4.391277,2.923118,-1.576061
-13.618843,4.341904,2.924032,-1.584962
-13.618868,4.2925,2.925955,-1.593278
-13.619075,4.243068,2.928886,-1.600526
-13.619508,4.19361,2.930671,-1.607213
-13.620123,4.144129,2.944745,-1.612827
-13.62088,4.094626,2.951198,-1.616996
-13.621807,4.045102,2.94561,-1.620312
-13.622879,3.995558,2.941391,-1.622651
-13.624116,3.945997,2.962685,-1.624517
-13.625459,3.896419,2.971819,-1.625397
-13.62685,3.846823,2.980649,-1.624911
-13.628307,3.797211,2.984915,-1.623649
-13.629788,3.747582,2.991051,-1.621478
-13.631307,3.697937,2.995382,-1.6189
-13.63282,3.648277,2.997952,-1.615711
-13.634338,3.598601,2.993156,-1.612351
-13.635817,3.54891,2.986656,-1.608568
-13.637267,3.499205,2.982106,-1.604766
-13.638647,3.449484,2.976739,-1.600659
-13.63997,3.39975,2.974461,-1.596625
-13.641194,3.350001,2.980337,-1.592357
-13.642361,3.30024,2.98503,-1.588536
-13.643509,3.250467,2.984534,-1.585671
-13.6446,3.200683,2.98126,-1.583274
-13.645655,3.150889,2.982914,-1.58156
-13.646644,3.101084,2.982105,-1.58009
-13.647592,3.051269,2.981672,-1.579118
-13.648474,3.001445,2.981703,-1.578239
-13.649316,2.951612,2.982753,-1.577737
-13.650096,2.901771,2.983414,-1.577229
-13.650843,2.851921,2.984846,-1.577016
-13.651534,2.802064,2.985577,-1.576734
-13.652198,2.7522,2.987088,-1.576696
-13.652812,2.70233,2.987932,-1.576545
-13.653407,2.652452,2.989246,-1.576607
-13.653958,2.602569,2.989931,-1.57653
-13.654497,2.552681,2.992086,-1.576644
-13.654997,2.502786,2.993162,-1.576604
-13.65549,2.452887,2.992752,-1.576743
-13.655951,2.402983,2.99285,-1.576719
-13.656408,2.353074,2.994213,-1.576866
-13.656838,2.303161,2.992464,-1.576844
-13.657267,2.253243,2.984588,-1.57699
-13.657646,2.203322,2.977126,-1.576645
-13.657925,2.153396,2.971685,-1.575314
-13.658133,2.103466,2.969972,-1.573499
-13.658241,2.053533,2.96876,-1.570996
-13.658273,2.003596,2.966567,-1.568251
-13.658195,1.953657,2.960998,-1.565013
-13.658029,1.903715,2.952686,-1.561693
-13.657714,1.85377,2.938894,-1.557688
-13.657193,1.803825,2.93015,-1.55255
-13.656486,1.75388,2.933102,-1.546818
-13.655557,1.703936,2.934715,-1.540317
-13.65442,1.653994,2.92125,-1.533516
-13.653036,1.604056,2.903109,-1.526183
-13.651419,1.554123,2.913288,-1.51874
-13.649529,1.504198,2.906567,-1.510916
-13.647379,1.454282,2.891904,-1.503104
-13.644906,1.404378,2.879352,-1.494687
-13.642047,1.354494,2.86981,-1.485204
-13.638819,1.30463,2.863201,-1.475183
-13.635183,1.254794,2.855416,-1.464441
-13.631151,1.204986,2.843766,-1.453438
-13.626657,1.155216,2.829796,-1.441617
-13.621635,1.105496,2.81886,-1.42856
-13.6161,1.055829,2.807067,-1.414835
-13.610009,1.006225,2.791907,-1.400286
-13.603371,0.956691,2.797137,-1.3854
-13.596169,0.907716,2.794844,-1.36792
-13.588403,0.85979,2.743216,-1.346024
-13.580118,0.812917,2.652917,-1.320931
-13.571229,0.767123,2.644963,-1.292274
-13.561624,0.722447,2.587262,-1.259378
-13.551194,0.678933,2.491876,-1.221729
-13.539838,0.636636,2.415043,-1.178941
-13.527456,0.595621,2.309108,-1.130734
-13.513955,0.555965,2.216802,-1.076916
-13.499247,0.517758,2.095891,-1.017376
-13.483255,0.481106,1.995702,-0.952073
-13.465937,0.44612,1.883895,-0.881363
-13.447324,0.412892,1.785351,-0.806388
-13.427452,0.381523,1.620865,-0.728154
-13.406365,0.352119,1.435544,-0.647481
-13.384126,0.324793,1.409779,-0.565067
-13.360207,0.299411,1.435746,-0.49059
-13.33419,0.275818,1.196959,-0.429879
-13.306352,0.254026,1.07812,-0.379316
-13.276746,0.233873,1.630724,-0.339297
-13.245432,0.215142,1.771838,-0.309251
-13.212647,0.197708,1.965215,-0.286027
-13.178585,0.181444,2.083581,-0.267521
-13.143408,0.166226,2.257391,-0.252363
-13.107247,0.15193,2.347033,-0.239695
-13.070215,0.138441,2.476166,-0.229014
-13.032405,0.125644,2.541151,-0.220061
-12.993899,0.113434,2.625384,-0.212739
-12.95476,0.101726,2.660057,-0.206805
-12.915027,0.090502,2.701259,-0.201421
-12.874747,0.079707,2.717209,-0.196472
-12.833949,0.069332,2.774894,-0.191412
-12.792671,0.059331,2.803647,-0.186351
-12.750936,0.049706,2.787481,-0.180894
-12.708775,0.04042,2.772601,-0.175268
-12.666207,0.031482,2.823457,-0.169154
-12.623258,0.022862,2.827658,-0.162837
-12.579944,0.014577,2.832205,-0.15603
-12.536286,0.006602,2.833944,-0.149046
-12.492297,-0.001041,2.841113,-0.141608
-12.447998,-0.008374,2.843991,-0.13404
-12.403399,-0.015371,2.857627,-0.126064
-12.358522,-0.022076,2.865416,-0.118293
-12.313385,-0.028528,2.874664,-0.11119
-12.267998,-0.0347,2.875233,-0.104315
-12.222376,-0.040612,2.878428,-0.09787
-12.176525,-0.046239,2.878099,-0.091464
-12.130461,-0.051602,2.881297,-0.085345
-12.084191,-0.056678,2.88154,-0.07915
-12.037728,-0.061489,2.88836,-0.073155
-11.991079,-0.06601,2.894304,-0.067017
-11.944257,-0.070291,2.907372,-0.06133
-11.897275,-0.074376,2.911783,-0.056538
-11.85014,-0.078242,2.916592,-0.052155
-11.802859,-0.081914,2.917233,-0.048364
-11.75544,-0.085371,2.920824,-0.044739
-11.70789,-0.088641,2.921901,-0.041516
-11.660216,-0.091705,2.925776,-0.038306
-11.612424,-0.094593,2.926854,-0.03538
-11.56452,-0.097284,2.930424,-0.032375
-11.51651,-0.099808,2.931259,-0.029584
-11.468399,-0.102144,2.93309,-0.02666
-11.420194,-0.104321,2.932578,-0.02391
-11.371898,-0.106318,2.941919,-0.020995
-11.323516,-0.108163,2.946962,-0.018235
-11.275053,-0.109832,2.940411,-0.015295
-11.226513,-0.111355,2.935162,-0.012499
-11.1779,-0.112707,2.956127,-0.009516
-11.129219,-0.11394,2.963791,-0.006985
-11.080474,-0.115107,2.96966,-0.005384
-11.031668,-0.11618,2.971301,-0.004223
-10.982804,-0.11719,2.973973,-0.003701
-10.933885,-0.118117,2.975517,-0.003382
-10.884915,-0.118992,2.978742,-0.003512
-10.835894,-0.119797,2.980726,-0.003694
-10.786827,-0.120566,2.984035,-0.004206
-10.737714,-0.121279,2.985976,-0.004673
-10.68856,-0.12197,2.988985,-0.005394
-10.639364,-0.122619,2.990867,-0.006011
-10.590131,-0.12326,2.994161,-0.006838
-10.540861,-0.123872,2.995792,-0.007526
-10.491557,-0.124486,2.996565,-0.008397
-10.442219,-0.125081,2.998669,-0.009109
-10.39285,-0.125689,2.99919,-0.00999
-10.343451,-0.126287,2.99829,-0.010701
-10.294025,-0.126905,2.997782,-0.011573
-10.24457,-0.127519,2.998985,-0.012271
-10.195091,-0.128159,2.993626,-0.013127
-10.145587,-0.128776,2.986461,-0.013489
-10.096058,-0.129321,2.981225,-0.012869
-10.046507,-0.129824,2.979886,-0.011766
-9.996934,-0.130257,2.979598,-0.009976
-9.94734,-0.130643,2.980281,-0.007945
-9.897726,-0.130951,2.986788,-0.005424
-9.848094,-0.131227,2.992584,-0.003137
-9.798445,-0.131514,2.996247,-0.001631
-9.748779,-0.131779,2.996019,-0.000451
-9.699097,-0.132044,2.995324,0.000162
-9.649399,-0.132281,2.995093,0.000626
-9.599688,-0.132517,2.995375,0.000667
-9.549962,-0.132726,2.995762,0.000676
-9.500224,-0.132937,2.996668,0.000358
-9.450473,-0.133125,2.997411,0.000084
-9.40071,-0.13332,2.998614,-0.000454
-9.350936,-0.133499,2.99945,-0.000898
-9.301151,-0.13369,2.99932,-0.001567
-9.251356,-0.133871,2.99843,-0.002109
-9.201551,-0.134071,2.997358,-0.00285
-9.151737,-0.134266,2.996642,-0.003446
-9.101915,-0.134485,2.996414,-0.004225
-9.052083,-0.134704,2.997812,-0.004846
-9.002244,-0.134952,2.994529,-0.005643
-8.952398,-0.135178,2.987264,-0.005954
-8.902543,-0.135334,2.98186,-0.005286
-8.852682,-0.135448,2.980423,-0.004138
-8.802814,-0.135493,2.980002,-0.002306
-8.75294,-0.135491,2.98061,-0.000234
-8.70306,-0.135411,2.987043,0.002329
-8.653174,-0.135299,2.992806,0.004653
-8.603283,-0.135199,2.996346,0.006191
-8.553386,-0.135077,2.996013,0.007398
-8.503485,-0.134954,2.995281,0.008034
-8.453579,-0.134803,2.995048,0.008517
-8.403669,-0.134651,2.995249,0.008574
-8.353754,-0.134471,2.995583,0.008597
-8.303835,-0.134292,2.996482,0.008289
-8.253913,-0.13409,2.997269,0.008023
-8.203987,-0.133894,2.998659,0.007491
-8.154058,-0.133681,2.999388,0.007052
-8.104125,-0.133481,2.999983,0.006385
-8.054189,-0.13327,2.998458,0.005845
-8.00425,-0.133077,2.997456,0.005103
-7.954308,-0.132878,2.996693,0.004507
-7.904363,-0.132704,2.995757,0.003725
-7.854416,-0.132529,2.995064,0.003102
-7.804466,-0.132382,2.994257,0.002303
-7.754513,-0.13224,2.993616,0.001669
-7.704559,-0.132129,2.992971,0.000864
-7.654602,-0.132027,2.992437,0.00023
-7.604643,-0.13196,2.992035,-0.000573
-7.554682,-0.131903,2.991549,-0.001204
-7.504719,-0.131884,2.990955,-0.002001
-7.454754,-0.131878,2.990323,-0.002626
-7.404788,-0.131912,2.991145,-0.003416
-7.35482,-0.13196,2.991688,-0.004034
-7.304851,-0.13205,2.990348,-0.004818
-7.25488,-0.132155,2.988214,-0.005429
-7.204908,-0.132304,2.989886,-0.006207
-7.154935,-0.132469,2.989704,-0.006813
-7.104961,-0.132679,2.989467,-0.007585
-7.054985,-0.132905,2.989251,-0.008186
-7.005009,-0.133177,2.989956,-0.008953
-6.955031,-0.133466,2.991858,-0.00955
-6.905053,-0.133801,2.999699,-0.010314
-6.855074,-0.134128,2.992035,-0.010587
-6.805094,-0.134398,2.985973,-0.009874
-6.755112,-0.134637,2.984116,-0.00868
-6.705129,-0.134817,2.981976,-0.006799
-6.655146,-0.134959,2.979668,-0.004679
-6.605161,-0.135031,2.980218,-0.002068
-6.555176,-0.135051,2.981921,0.000623
-6.50519,-0.134986,2.982432,0.003677
-6.455204,-0.134881,2.988167,0.006388
-6.405217,-0.134778,2.993276,0.008226
-6.355229,-0.134642,2.992843,0.009665
-6.305241,-0.134496,2.991969,0.010479
-6.255252,-0.134312,2.991701,0.011096
-6.205263,-0.134117,2.992071,0.011251
-6.155273,-0.133885,2.992549,0.011345
-6.105283,-0.133645,2.993801,0.011087
-6.055293,-0.133375,2.994685,0.010855
-6.005303,-0.133104,2.996098,0.010342
-5.955312,-0.132809,2.997079,0.009913
-5.90532,-0.13252,2.99861,0.00925
-5.855329,-0.132215,2.999709,0.008707
-5.805337,-0.131923,2.999034,0.007959
-5.755344,-0.131621,2.99842,0.007354
-5.705352,-0.13134,2.997467,0.006561
-5.655359,-0.131055,2.995643,0.005926
-5.605365,-0.130795,2.995275,0.005114
-5.555371,-0.130536,2.9946,0.004468
-5.505377,-0.130307,2.993717,0.003651
-5.455383,-0.130084,2.993105,0.003005
-5.405388,-0.129895,2.992595,0.002191
-5.355393,-0.129714,2.992089,0.001549
-5.305397,-0.12957,2.99162,0.000742
-5.255402,-0.129437,2.991141,0.000108
-5.205406,-0.129344,2.990887,-0.000691
-5.155409,-0.129264,2.990547,-0.001317
-5.105413,-0.129225,2.990092,-0.002108
-5.055417,-0.1292,2.989436,-0.002726
-5.00542,-0.129219,2.990438,-0.00351
-4.955423,-0.129254,2.99114,-0.00412
-4.905426,-0.129332,2.9898,-0.004898
-4.855429,-0.129427,2.987646,-0.005503
-4.805432,-0.129567,2.989509,-0.006274
-4.755434,-0.129725,2.989425,-0.006874
-4.705437,-0.129927,2.989905,-0.007642
-4.65544,-0.130149,2.991816,-0.008237
-4.605443,-0.130415,2.999747,-0.009001
-4.555446,-0.130674,2.992148,-0.009274
-4.505448,-0.130876,2.986119,-0.00856
-4.45545,-0.131048,2.984311,-0.007365
-4.405452,-0.131161,2.983272,-0.005482
-4.355454,-0.131236,2.983569,-0.003361
-4.305456,-0.13124,2.989535,-0.000748
-4.255457,-0.13122,2.995024,0.001624
-4.205459,-0.131217,2.998225,0.003206
-4.15546,-0.131197,2.997762,0.004453
-4.105462,-0.131182,2.996656,0.005126
-4.055463,-0.131142,2.996188,0.005643
-4.005464,-0.131103,2.996235,0.005729
-3.955465,-0.13104,2.996516,0.005778
-3.905467,-0.13098,2.997288,0.005493
-3.855468,-0.130899,2.997946,0.005248
-3.805469,-0.130827,2.998988,0.004733
-3.75547,-0.130738,2.999774,0.004309
-3.705471,-0.130664,2.99914,0.003656
-3.655472,-0.130579,2.99834,0.003127
-3.605473,-0.130513,2.997224,0.002394
-3.555473,-0.130443,2.996423,0.001806
-3.505474,-0.130398,2.995415,0.001031
-3.455475,-0.130352,2.994537,0.000413
-3.405476,-0.130336,2.994461,-0.000382
-3.355476,-0.130324,2.994533,-0.001012
-3.305477,-0.130344,2.993306,-0.001814
-3.255478,-0.130372,2.991193,-0.002447
-3.205478,-0.130437,2.99208,-0.003248
-3.155479,-0.130511,2.991694,-0.003878
-3.105479,-0.130624,2.991142,-0.004675
-3.05548,-0.13075,2.990731,-0.005299
-3.005481,-0.130916,2.990534,-0.006089
-2.955482,-0.131097,2.990276,-0.006707
-2.905482,-0.131319,2.990824,-0.007492
-2.855483,-0.131557,2.992623,-0.008104
-2.805485,-0.131839,2.999032,-0.008882
-2.755486,-0.13211,2.991482,-0.009168
-2.705487,-0.132323,2.985552,-0.008467
-2.655487,-0.132505,2.983764,-0.007282
-2.605488,-0.132625,2.982877,-0.00541
-2.555488,-0.132707,2.983259,-0.003297
-2.505488,-0.132718,2.989225,-0.000692
-2.455489,-0.132702,2.994753,0.001673
-2.405489,-0.132704,2.997979,0.003248
-2.355489,-0.132688,2.997491,0.004491
-2.305489,-0.132675,2.996501,0.005158
-2.25549,-0.132638,2.996086,0.005671
-2.20549,-0.132602,2.996102,0.005753
-2.15549,-0.13254,2.99642,0.005799
-2.10549,-0.132482,2.997211,0.005511
-2.05549,-0.132403,2.997828,0.005264
-2.005491,-0.132331,2.998908,0.004747
-1.955491,-0.132244,2.999716,0.004321
-1.905491,-0.13217,2.999092,0.003666
-1.855491,-0.132086,2.99815,0.003135
-1.805492,-0.132021,2.997384,0.002401
-1.755492,-0.131951,2.99704,0.001812
-1.705492,-0.131906,2.996017,0.001036
-1.655492,-0.131861,2.99412,0.000418
-1.605492,-0.131845,2.994199,-0.000378
-1.555492,-0.131833,2.993669,-0.001009
-1.505492,-0.131854,2.992954,-0.001811
-1.455493,-0.131882,2.992391,-0.002444
-1.405493,-0.131947,2.991932,-0.003246
-1.355493,-0.132021,2.991467,-0.003876
-1.305493,-0.132135,2.991139,-0.004673
-1.255493,-0.13226,2.990738,-0.005298
-1.205494,-0.132427,2.990523,-0.006088
-1.155494,-0.132607,2.990245,-0.006707
-1.105495,-0.13283,2.99084,-0.007491
-1.055495,-0.133068,2.992671,-0.008103
-1.005496,-0.133349,2.999047,-0.008881
-0.955497,-0.133621,2.991478,-0.009167
-0.905497,-0.133834,2.985521,-0.008466
-0.855498,-0.134015,2.983745,-0.007282
-0.805498,-0.134136,2.982116,-0.00541
-0.755498,-0.134218,2.980384,-0.003297
-0.705498,-0.134228,2.978719,-0.000692
-0.655498,-0.134187,2.978517,0.001994
-0.605498,-0.134059,2.984161,0.005043
-0.555499,-0.133891,2.989503,0.00775
-0.505499,-0.133724,2.992838,0.009585
-0.4555,-0.133524,2.992481,0.011022
-0.4055,-0.133314,2.991821,0.011833
-0.355501,-0.133065,2.99158,0.012448
-0.305501,-0.132805,2.991899,0.012602
-0.255502,-0.132508,2.992317,0.012694
-0.205503,-0.132203,2.994177,0.012434
-0.155504,-0.131867,2.99524,0.012201
-0.105506,-0.13153,2.99539,0.011687
-0.055507,-0.131168,2.996669,0.011257
-0.005508,-0.130814,2.998825,0.010593
0.04449,-0.130442,2.999719,0.010049
0.094489,-0.130084,2.999043,0.0093
0.144488,-0.129717,2.998184,0.008695
0.194486,-0.129369,2.997086,0.007901
0.244485,-0.129017,2.996227,0.007266
0.294484,-0.12869,2.995199,0.006453
0.344483,-0.128365,2.994474,0.005807
0.394482,-0.12807,2.993775,0.00499
0.444481,-0.12778,2.993188,0.004343
0.494481,-0.127524,2.992615,0.003528
0.54448,-0.127276,2.992054,0.002886
0.59448,-0.127065,2.991578,0.002079
0.644479,-0.126866,2.991157,0.001444
0.694479,-0.126706,2.990921,0.000645
0.744479,-0.126559,2.990542,0.000019
0.794478,-0.126453,2.990293,-0.000773
0.844478,-0.126362,2.989931,-0.001391
0.894478,-0.126314,2.989831,-0.002175
0.944478,-0.126282,2.989586,-0.002786
0.994478,-0.126294,2.989574,-0.003563
1.044478,-0.126322,2.989291,-0.004169
1.094478,-0.126395,2.989226,-0.004941
1.144478,-0.126486,2.988985,-0.005541
1.194478,-0.126622,2.989056,-0.006308
1.244478,-0.126777,2.988885,-0.006904
1.294477,-0.126977,2.988707,-0.007668
1.344477,-0.127195,2.988193,-0.008261
1.394476,-0.12746,2.98951,-0.009022
1.444475,-0.127744,2.990401,-0.009612
1.494474,-0.128073,2.989329,-0.01037
1.544473,-0.128422,2.990164,-0.010959
1.594471,-0.128818,2.999413,-0.011716
1.64447,-0.129206,2.992031,-0.011982
1.694469,-0.129538,2.986264,-0.011264
1.744468,-0.129841,2.98439,-0.010064
1.794467,-0.130084,2.982655,-0.008177
1.844467,-0.130291,2.980868,-0.006051
1.894467,-0.130427,2.979089,-0.003436
1.944467,-0.130512,2.97889,-0.00074
1.994467,-0.130512,2.984501,0.002318
2.044467,-0.130473,2.989758,0.005033
2.094466,-0.130435,2.992908,0.006874
2.144466,-0.130365,2.992409,0.008317
2.194466,-0.130286,2.992537,0.009133
2.244466,-0.130168,2.992746,0.009753
2.294466,-0.130039,2.991691,0.00991
2.344466,-0.129873,2.99151,0.010006
2.394465,-0.1297,2.994202,0.009749
2.444465,-0.129496,2.994975,0.009518
2.494465,-0.129291,2.996193,0.009007
2.544464,-0.129063,2.997133,0.008579
2.594464,-0.128841,2.998555,0.007916
2.644463,-0.128602,2.999572,0.007374
2.694463,-0.128377,2.999069,0.006626
2.744462,-0.128142,2.99815,0.006021
2.794462,-0.127927,2.996984,0.005229
2.844461,-0.127708,2.99613,0.004594
2.894461,-0.127515,2.995053,0.003782
2.94446,-0.127323,2.994183,0.003136
2.99446,-0.127161,2.994126,0.002319
3.04446,-0.127004,2.994175,0.001673
3.09446,-0.126881,2.99291,0.000859
3.144459,-0.126767,2.990875,0.000217
3.194459,-0.12669,2.991763,-0.00059
3.244459,-0.126623,2.991181,-0.001224
3.294459,-0.126597,2.99038,-0.002024
3.344459,-0.126583,2.990614,-0.00265
3.394459,-0.126611,2.9912,-0.003441
3.444459,-0.126653,2.990934,-0.004059
3.494459,-0.126738,2.989538,-0.004843
3.544459,-0.126839,2.989029,-0.005454
3.594459,-0.126984,2.989356,-0.006231
3.644459,-0.127146,2.989221,-0.006836
3.694458,-0.127353,2.989016,-0.007608
3.744458,-0.127577,2.988591,-0.008208
3.794457,-0.127847,2.990436,-0.008976
3.844456,-0.128134,2.993171,-0.009572
3.894455,-0.128468,2.997474,-0.010335
3.944454,-0.128793,2.990995,-0.010608
3.994453,-0.129062,2.986311,-0.009895
4.044453,-0.129301,2.984619,-0.008699
4.094452,-0.12948,2.983334,-0.006817
4.144452,-0.129622,2.983607,-0.004695
4.194452,-0.129693,2.989521,-0.002083
4.244452,-0.129739,2.995041,0.00029
4.294452,-0.129803,2.998236,0.001872
4.344452,-0.12985,2.997735,0.003119
4.394452,-0.129901,2.996659,0.003792
4.444452,-0.129928,2.996198,0.004309
4.494452,-0.129956,2.996184,0.004395
4.544452,-0.129959,2.996505,0.004444
4.594452,-0.129966,2.997551,0.004159
4.644452,-0.129952,2.998133,0.003914
4.694452,-0.129946,2.998439,0.003399
4.744452,-0.129924,2.999753,0.002976
4.794452,-0.129916,2.99892,0.002322
4.844452,-0.129898,2.998225,0.001793
4.894452,-0.1299,2.997295,0.00106
4.944452,-0.129896,2.996522,0.000472
4.994452,-0.129917,2.995539,-0.000303
5.044452,-0.129938,2.994822,-0.000921
5.094452,-0.129989,2.99412,-0.001716
5.144452,-0.130043,2.993534,-0.002346
5.194452,-0.130131,2.992948,-0.003148
5.244452,-0.130225,2.992353,-0.003781
5.294452,-0.130356,2.991672,-0.004582
5.344451,-0.130498,2.991028,-0.005212
5.394451,-0.130677,2.991659,-0.006008
5.444451,-0.13087,2.992161,-0.006633
5.49445,-0.131103,2.991204,-0.007423
5.544449,-0.13135,2.992117,-0.008041
5.594449,-0.131639,2.998141,-0.008826
5.644448,-0.131917,2.990928,-0.009117
5.694447,-0.132136,2.985258,-0.008421
5.744447,-0.132323,2.983493,-0.007242
5.794447,-0.132447,2.982667,-0.005374
5.844447,-0.132533,2.983074,-0.003265
5.894447,-0.132547,2.989056,-0.000664
5.944447,-0.132534,2.994599,0.001698
5.994447,-0.132538,2.997905,0.00327
6.044447,-0.132524,2.997444,0.00451
6.094447,-0.132514,2.996298,0.005175
6.144447,-0.132478,2.995825,0.005685
6.194447,-0.132443,2.996349,0.005766
6.244447,-0.132382,2.996794,0.00581
6.294447,-0.132325,2.996715,0.005521
6.344447,-0.132246,2.997529,0.005272
6.394447,-0.132176,2.999068,0.004754
6.444447,-0.132089,2.999748,0.004327
6.494446,-0.132015,2.999167,0.003671
6.544446,-0.131932,2.998349,0.00314
6.594446,-0.131867,2.997301,0.002405
6.644446,-0.131798,2.996522,0.001816
6.694446,-0.131753,2.995617,0.001039
6.744446,-0.131708,2.994912,0.00042
6.794446,-0.131692,2.994142,-0.000376
6.844446,-0.13168,2.993497,-0.001007
6.894446,-0.131701,2.992685,-0.00181
6.944446,-0.13173,2.991836,-0.002443
6.994446,-0.131794,2.99204,-0.003245
7.044446,-0.131869,2.992659,-0.003875
7.094446,-0.131982,2.991989,-0.004672
7.144446,-0.132108,2.990478,-0.005297
7.194446,-0.132274,2.990849,-0.006088
7.244445,-0.132455,2.992994,-0.006706
7.294445,-0.132677,2.998682,-0.007491
7.344444,-0.132889,2.991141,-0.007782
7.394444,-0.133041,2.984747,-0.007087
7.444444,-0.133161,2.982186,-0.005908
7.494444,-0.133219,2.981918,-0.00404
7.544444,-0.133239,2.98255,-0.001931
7.594444,-0.133185,2.979949,0.00067
7.644444,-0.13308,2.974429,0.003352
7.694443,-0.132888,2.96641,0.006399
7.744443,-0.132629,2.957393,0.009424
7.794441,-0.132241,2.951048,0.013051
7.844438,-0.131669,2.948801,0.017745
7.894432,-0.130931,2.936442,0.022981
7.944423,-0.129992,2.918613,0.028945
7.994411,-0.128868,2.918682,0.035177
8.044392,-0.127493,2.906943,0.042237
8.094363,-0.125805,2.894897,0.050541
8.144324,-0.123819,2.887845,0.059523
8.19427,-0.121493,2.878766,0.069337
8.244199,-0.118838,2.866753,0.079496
8.294105,-0.115784,2.851368,0.090542
8.343981,-0.112264,2.84021,0.102874
8.393822,-0.108287,2.832511,0.115912
8.443621,-0.103809,2.824748,0.129803
8.493373,-0.098836,2.817629,0.144053
8.543068,-0.093321,2.806964,0.158874
8.5927,-0.087271,2.788914,0.173831
8.641782,-0.080664,2.766912,0.19119
8.689823,-0.073494,2.737411,0.212789
8.73682,-0.065805,2.704598,0.237446
8.782748,-0.057511,2.643677,0.265553
8.827571,-0.0485,2.583514,0.297805
8.871245,-0.038663,2.497386,0.334732
8.913719,-0.027898,2.422426,0.376732
8.954931,-0.016106,2.318593,0.424096
8.994806,-0.003192,2.227407,0.477023
9.033257,0.010931,2.108076,0.535632
9.070181,0.026343,2.009313,0.599969
9.10547,0.043085,1.898446,0.669687
9.139035,0.061131,1.803343,0.743646
9.170776,0.080446,1.674996,0.82085
9.20059,0.100989,1.533331,0.900481
9.228364,0.122701,1.329186,0.981848
9.254249,0.146108,1.205442,1.055401
9.278414,0.171623,1.254546,1.115383
9.300844,0.198976,1.345542,1.165347
9.321699,0.228114,1.586675,1.204888
9.341196,0.258979,1.73699,1.234562
9.359454,0.291333,1.974071,1.257472
9.376593,0.32498,2.095387,1.275693
9.392735,0.359761,2.269715,1.290573
9.407998,0.39554,2.358518,1.302959
9.422496,0.432204,2.486288,1.313344
9.436338,0.469658,2.55029,1.321985
9.44963,0.507818,2.629368,1.328975
9.462453,0.546618,2.656584,1.334559
9.474805,0.586027,2.684997,1.339832
9.486677,0.626015,2.694899,1.345576
9.498118,0.666538,2.752509,1.35164
9.509126,0.707569,2.781621,1.358368
9.519739,0.749073,2.760743,1.365499
9.529945,0.79103,2.740279,1.373311
9.539773,0.83341,2.794802,1.381492
9.549203,0.876197,2.797803,1.390299
9.558257,0.919365,2.804177,1.399401
9.566911,0.962901,2.810789,1.409054
9.575204,1.006779,2.826778,1.418638
9.583177,1.050974,2.830986,1.427687
9.590799,1.095477,2.836921,1.436621
9.598089,1.140269,2.83633,1.445226
9.605018,1.185341,2.840858,1.453878
9.611607,1.230675,2.842121,1.462324
9.617827,1.276262,2.851878,1.470911
9.623722,1.322083,2.857018,1.479067
9.629337,1.368122,2.88017,1.486364
9.634642,1.414371,2.889935,1.493285
9.639662,1.460816,2.874659,1.499652
9.644372,1.507451,2.858527,1.505887
9.648799,1.554263,2.888949,1.511757
9.65292,1.601246,2.895142,1.517647
9.656786,1.648385,2.905789,1.522986
9.660447,1.695669,2.910699,1.527351
9.663881,1.743094,2.916536,1.53125
9.667118,1.790649,2.917986,1.534511
9.670138,1.838329,2.922633,1.537575
9.672973,1.886127,2.924443,1.540212
9.675606,1.934037,2.92929,1.54282
9.678069,1.982052,2.930975,1.545131
9.680345,2.030168,2.93398,1.547514
9.682464,2.078379,2.934343,1.549677
9.684408,2.126679,2.944529,1.551971
9.686208,2.175064,2.949993,1.554089
9.687844,2.223531,2.94422,1.55637
9.689345,2.272073,2.937693,1.558498
9.69069,2.320688,2.950788,1.560806
9.691909,2.369371,2.953391,1.56297
9.692977,2.41812,2.962477,1.565322
9.69395,2.46693,2.970605,1.567221
9.694878,2.515797,2.978231,1.568188
9.695737,2.564718,2.980341,1.568715
9.696558,2.613692,2.983185,1.5686
9.69732,2.662714,2.984985,1.568281
9.698057,2.711783,2.988271,1.567511
9.69875,2.760897,2.990395,1.566688
9.699433,2.810053,2.99275,1.565535
9.700089,2.859249,2.992202,1.564425
9.70075,2.908483,2.98815,1.563059
9.701372,2.957754,2.984422,1.562112
9.701912,3.00706,2.979052,1.562088
9.702403,3.0564,2.974905,1.562506
9.702822,3.105771,2.979399,1.56358
9.703195,3.155173,2.97909,1.564876
9.703495,3.204604,2.978695,1.566649
9.703745,3.254062,2.979604,1.568499
9.703916,3.303546,2.986766,1.570707
9.704054,3.353054,2.993203,1.572581
9.704207,3.402586,2.997775,1.573596
9.704342,3.452141,2.998199,1.574225
9.704484,3.501716,2.998422,1.574244
9.704608,3.551312,2.998868,1.574079
9.704742,3.600926,2.999931,1.573467
9.704863,3.65056,2.998749,1.572805
9.705002,3.70021,2.997468,1.571805
9.705135,3.749877,2.996715,1.570841
9.705295,3.79956,2.995065,1.569608
9.705458,3.849258,2.991937,1.568467
9.705657,3.89897,2.992107,1.5671
9.705869,3.948696,2.993104,1.565861
9.706125,3.998435,2.999986,1.564423
9.706374,4.048186,2.993316,1.563452
9.706572,4.097949,2.988555,1.563446
9.706748,4.147723,2.987557,1.56391
9.706876,4.197509,2.986849,1.565052
9.70698,4.247304,2.985734,1.566429
9.707029,4.29711,2.984091,1.568293
9.707045,4.346924,2.982353,1.570238
9.706995,4.396748,2.979763,1.572546
9.706901,4.446579,2.977215,1.574835
9.70673,4.496419,2.977575,1.577406
9.706501,4.546266,2.977779,1.579894
9.706182,4.596119,2.972961,1.582614
9.705796,4.64598,2.965926,1.585211
9.705308,4.695845,2.969512,1.58801
9.704743,4.745717,2.967926,1.59066
9.704068,4.795592,2.965732,1.593494
9.703305,4.845473,2.963721,1.596165
9.702426,4.895356,2.959064,1.599009
9.701452,4.945244,2.951802,1.601682
9.700328,4.995132,2.941331,1.604842
9.699002,5.045021,2.935871,1.60898
9.697497,5.094909,2.936529,1.613591
9.695784,5.144795,2.939725,1.618881
9.693906,5.194678,2.946283,1.624082
9.691908,5.244561,2.946767,1.628614
9.689751,5.294441,2.952951,1.632908
9.687458,5.344318,2.957752,1.636703
9.684998,5.394191,2.95801,1.640401
9.682421,5.444061,2.97466,1.643395
9.679802,5.493932,2.991946,1.644916
9.677216,5.543807,2.973063,1.644347
9.674743,5.593691,2.952827,1.641201
9.672441,5.643586,2.94287,1.635414
9.670299,5.69349,2.933254,1.627838
9.668365,5.743405,2.925586,1.618549
9.666641,5.79333,2.918283,1.608221
9.665185,5.843266,2.914444,1.596787
9.663975,5.89321,2.913426,1.585122
9.662993,5.943162,2.910368,1.573893
9.662299,5.99312,2.91244,1.562735
9.661867,6.043082,2.916809,1.552281
9.661644,6.093048,2.93348,1.543322
9.661601,6.143016,2.940787,1.536166
9.66178,6.192985,2.936067,1.530158
9.662135,6.242955,2.936753,1.525695
9.662618,6.292925,2.957749,1.523061
9.663254,6.342894,2.965684,1.521578
9.663981,6.392864,2.979696,1.521632
9.664737,6.442834,2.989794,1.523495
9.665535,6.492805,2.992526,1.526483
9.666301,6.542777,2.978677,1.530978
9.666964,6.592752,2.963559,1.53725
9.667527,6.642729,2.954724,1.544614
9.667937,6.692709,2.943746,1.553132
9.668192,6.74269,2.934627,1.56224
9.668234,6.792673,2.921401,1.5721
9.668062,6.842656,2.909548,1.58223
9.66762,6.892639,2.906891,1.592855
9.666908,6.942619,2.901702,1.603548
9.665848,6.992594,2.872284,1.614897
9.664365,7.042558,2.833647,1.627345
9.662466,7.092509,2.850241,1.640345
9.6601,7.142441,2.841913,1.654071
9.657271,7.192349,2.830408,1.668052
9.653931,7.242226,2.821676,1.682522
9.650083,7.292067,2.81483,1.697058
9.645682,7.341863,2.806906,1.711934
9.640734,7.391608,2.800786,1.726761
9.635195,7.44129,2.791051,1.741836
9.629076,7.490906,2.775569,1.756792
9.622364,7.539964,2.754573,1.774058
9.615063,7.587977,2.719564,1.795581
9.607219,7.63494,2.678353,1.820159
9.598751,7.680828,2.656356,1.848173
9.58955,7.725603,2.632994,1.880308
9.57951,7.769223,2.517529,1.917087
9.568533,7.811634,2.325595,1.958904
9.556522,7.852773,2.328841,2.006045
9.543386,7.892567,2.242773,2.058708
9.529041,7.930927,2.104832,2.11701
9.51341,7.967749,2.000055,2.180999
9.496447,8.002923,1.877367,2.250426
9.478144,8.036339,1.77112,2.324663
9.458549,8.067899,1.610975,2.402531
9.437714,8.097498,1.456123,2.483101
9.415152,8.125319,1.344873,2.557188
9.390464,8.151546,1.327714,2.619013
9.363887,8.176137,1.432114,2.671556
9.335657,8.1991,1.506437,2.716848
9.305793,8.220603,1.847474,2.753722
9.274319,8.240858,2.04108,2.782103
9.241441,8.259966,2.025004,2.804476
9.207336,8.278036,2.066594,2.822514
9.172151,8.295179,2.366999,2.837316
9.136011,8.311505,2.436636,2.849574
9.099024,8.32712,2.515167,2.859694
9.061275,8.342111,2.5557,2.868138
9.022816,8.3565,2.612777,2.875888
8.983706,8.370345,2.637667,2.883165
8.943984,8.383657,2.677418,2.890578
8.903698,8.396483,2.693656,2.898065
8.862877,8.408823,2.714588,2.906041
8.821559,8.420715,2.716221,2.914296
8.779766,8.432148,2.757893,2.92315
8.737531,8.443152,2.794372,2.932321
8.694869,8.453707,2.797144,2.94209
8.651815,8.463861,2.781789,2.951861
8.608396,8.473655,2.796765,2.96118
8.564625,8.483064,2.806783,2.970466
8.520523,8.492108,2.815434,2.979506
8.476102,8.500761,2.816075,2.988669
8.431381,8.509044,2.821404,2.997699
8.38637,8.51693,2.82159,3.006935
8.341087,8.52444,2.829745,3.016093
8.295542,8.531546,2.835167,3.025497
8.249755,8.538292,2.848976,3.034552
8.203743,8.544719,2.852601,3.042813
8.157514,8.550799,2.858654,3.050751
8.111082,8.556554,2.860428,3.058176
8.064454,8.56196,2.870825,3.065502
8.017646,8.567064,2.877078,3.072191
7.970672,8.571917,2.898824,3.077843
7.923537,8.576492,2.908199,3.082982
7.876253,8.580821,2.896754,3.087449
7.828825,8.584883,2.88512,3.091696
7.781263,8.58871,2.908578,3.095502
7.733572,8.592284,2.909954,3.09927
7.685762,8.595636,2.912031,3.102737
7.637836,8.598748,2.913314,3.106275
7.589804,8.601653,2.917469,3.109596
7.541669,8.604329,2.918655,3.113052
7.493438,8.606809,2.922412,3.116336
7.445115,8.609071,2.923673,3.11979
7.396706,8.611145,2.930441,3.123097
7.348216,8.613009,2.936902,3.126591
7.299649,8.614717,2.948604,3.129638
7.251012,8.616321,2.95282,3.131762
7.202307,8.617796,2.961767,3.133456
7.153539,8.619174,2.96614,3.13452
7.104711,8.620434,2.96321,3.135391
7.055825,8.62161,2.96084,3.135821
7.006884,8.622683,2.970883,3.136209
6.957892,8.623688,2.972797,3.136276
6.908851,8.624606,2.975411,3.136395
6.859764,8.62547,2.977167,3.136268
6.810633,8.626262,2.980275,3.136251
6.761459,8.627013,2.98193,3.13603
6.712246,8.627705,2.984614,3.135955
6.662996,8.628368,2.985971,3.135701
6.613709,8.628982,2.988139,3.13561
6.564388,8.629577,2.989238,3.135355
6.515035,8.630131,2.990994,3.135274
6.465651,8.630674,2.991883,3.135034
6.416238,8.631183,2.993239,3.134972
6.366796,8.631687,2.993904,3.134753
6.317328,8.632162,2.994916,3.134714
6.267835,8.632637,2.995411,3.134519
6.218318,8.633086,2.996287,3.134503
6.168777,8.633539,2.99672,3.134329
6.119215,8.633971,2.99724,3.134333
6.069632,8.634408,2.997492,3.134178
6.020029,8.634825,2.998018,3.134199
5.970408,8.635251,2.998238,3.13406
5.920768,8.635659,2.99847,3.134096
5.871112,8.636076,2.99817,3.13397
5.821439,8.636477,2.994815,3.134017
5.77175,8.636888,2.988963,3.133901
5.722047,8.637258,2.978797,3.134276
5.672329,8.637536,2.974167,3.135632
5.622597,8.637751,2.977909,3.137468
5.572852,8.637873,2.983554,3.139987
5.523095,8.637949,2.98709,-3.140759
5.473327,8.638025,2.989926,-3.13898
5.423547,8.638065,2.991293,-3.13743
5.373757,8.638091,2.990534,-3.13637
5.323957,8.638075,2.989829,-3.1354
5.274147,8.638042,2.989477,-3.134806
5.224329,8.637965,2.989715,-3.134208
5.174502,8.637871,2.989869,-3.13391
5.124666,8.637736,2.990551,-3.133546
5.074823,8.637586,2.99091,-3.133432
5.024973,8.637398,2.991788,-3.133212
4.975115,8.6372,2.992187,-3.133209
4.925251,8.636967,2.993065,-3.133073
4.875381,8.636727,2.993551,-3.133135
4.825504,8.636457,2.994367,-3.133047
4.775622,8.636184,2.994735,-3.133144
4.725735,8.635883,2.99547,-3.133081
4.675842,8.635583,2.995844,-3.133194
4.625944,8.635258,2.996449,-3.133142
4.576041,8.634937,2.996712,-3.133262
4.526134,8.634593,2.997185,-3.133213
4.476222,8.634255,2.997421,-3.133333
4.426307,8.633896,2.997855,-3.133282
4.376387,8.633545,2.998057,-3.133399
4.326464,8.633175,2.998388,-3.133345
4.276537,8.632814,2.998522,-3.133458
4.226607,8.632436,2.998742,-3.133399
4.176674,8.632067,2.998861,-3.133508
4.126737,8.631682,2.999096,-3.133445
4.076798,8.631308,2.999171,-3.133549
4.026856,8.630918,2.999311,-3.133482
3.976911,8.63054,2.999355,-3.133582
3.926963,8.630146,2.999466,-3.133511
3.877014,8.629765,2.999491,-3.133608
3.827061,8.629368,2.99964,-3.133534
3.777107,8.628984,2.999726,-3.133629
3.727151,8.628586,2.999765,-3.133553
3.677192,8.628201,2.999707,-3.133645
3.627232,8.627801,2.999748,-3.133566
3.57727,8.627414,2.999785,-3.133657
3.527306,8.627013,2.99986,-3.133577
3.477341,8.626625,2.999885,-3.133666
3.427374,8.626223,2.999956,-3.133585
3.377405,8.625835,2.999929,-3.133673
3.327435,8.625433,2.999902,-3.133591
3.277464,8.625044,2.999896,-3.133678
3.227491,8.624641,2.999958,-3.133596
3.177517,8.624252,2.999939,-3.133682
3.127542,8.623849,2.99995,-3.133599
3.077566,8.623459,2.999965,-3.133685
3.027589,8.623056,2.999993,-3.133602
2.977611,8.622666,2.999988,-3.133687
2.927632,8.622263,2.999967,-3.133603
2.877652,8.621873,2.99994,-3.133689
2.827671,8.621469,2.999972,-3.133605
2.777689,8.621079,2.999954,-3.13369
2.727706,8.620676,2.999996,-3.133606
2.677723,8.620286,2.999939,-3.133691
2.627739,8.619882,2.999981,-3.133606
2.577754,8.619492,2.999987,-3.133691
2.527769,8.619088,2.999987,-3.133607
2.477783,8.618698,2.999997,-3.133692
2.427797,8.618294,2.999986,-3.133607
2.377809,8.617904,2.999997,-3.133692
2.327822,8.6175,2.999987,-3.133607
2.277833,8.61711,2.999997,-3.133692
2.227845,8.616706,2.999987,-3.133608
2.177856,8.616316,2.999997,-3.133692
2.127866,8.615912,2.999987,-3.133608
2.077876,8.615522,2.999996,-3.133693
2.027886,8.615118,2.999987,-3.133608
1.977895,8.614728,2.999997,-3.133693
1.927904,8.614324,2.999987,-3.133608
1.877912,8.613934,2.999996,-3.133693
1.827921,8.61353,2.999987,-3.133608
1.777928,8.61314,2.999994,-3.133693
1.727936,8.612736,2.999985,-3.133608
1.677943,8.612346,2.999967,-3.133693
1.62795,8.611942,2.999359,-3.133608
1.577957,8.611551,2.997227,-3.133693
1.527964,8.611148,2.991443,-3.133608
1.47797,8.610784,2.978167,-3.134013
1.427975,8.610509,2.976273,-3.135402
1.37798,8.610297,2.976482,-3.137272
1.327984,8.610177,2.98263,-3.139828
1.277988,8.610101,2.988434,3.140882
1.227991,8.610026,2.992042,3.139072
1.177995,8.609985,2.991564,3.137494
1.127998,8.609957,2.990446,3.136409
1.078001,8.609972,2.989778,3.135416
1.028004,8.610004,2.989605,3.134801
0.978007,8.61008,2.98955,3.134185
0.92801,8.610173,2.989848,3.133871
0.878013,8.610308,2.990003,3.133493
0.828016,8.610457,2.991704,3.133367
0.778019,8.610646,2.992577,3.133136
0.728021,8.610844,2.991848,3.133125
0.678024,8.611079,2.991753,3.132982
0.628026,8.611319,2.993995,3.133037
0.578029,8.611591,2.994292,3.132944
0.528032,8.611866,2.994807,3.133036
0.478035,8.61217,2.995262,3.13297
0.428037,8.612472,2.995855,3.13308
0.37804,8.6128,2.996142,3.133026
0.328042,8.613125,2.996683,3.133144
0.278045,8.613473,2.997026,3.133094
0.228048,8.613815,2.99748,3.133213
0.17805,8.614178,2.997715,3.133161
0.128053,8.614533,2.998026,3.133278
0.078055,8.614908,2.998249,3.133223
0.028058,8.615273,2.998655,3.133336
-0.02194,8.615657,2.998736,3.133278
-0.071937,8.61603,2.998556,3.133386
-0.121935,8.616421,2.998874,3.133323
-0.171932,8.6168,2.999312,3.133428
-0.22193,8.617195,2.999292,3.13336
-0.271927,8.617579,2.999299,3.133461
-0.321925,8.617978,2.999383,3.133391
-0.371923,8.618366,2.999552,3.133488
-0.42192,8.618768,2.999661,3.133414
-0.471918,8.619157,2.999644,3.133509
-0.521916,8.619561,2.999656,3.133433
-0.571914,8.619953,2.999726,3.133525
-0.621911,8.620358,2.999762,3.133447
-0.671909,8.620751,2.999787,3.133538
-0.721907,8.621158,2.999897,3.133458
-0.771905,8.621552,2.999941,3.133548
-0.821903,8.621959,2.999817,3.133467
-0.871901,8.622354,2.999681,3.133555
-0.921899,8.622762,2.999944,3.133473
-0.971897,8.623157,2.999992,3.13356
-1.021895,8.623565,2.999932,3.133478
-1.071893,8.623961,2.999943,3.133564
-1.121891,8.62437,2.999981,3.133481
-1.171889,8.624765,2.999949,3.133567
-1.221887,8.625174,2.999906,3.133484
-1.271885,8.62557,2.99994,3.13357
-1.321883,8.62598,2.999979,3.133486
-1.371881,8.626375,2.999984,3.133571
-1.421879,8.626785,2.999985,3.133487
-1.471877,8.627181,2.99999,3.133573
-1.521875,8.62759,2.999971,3.133488
-1.571873,8.627987,2.999947,3.133573
-1.621872,8.628396,2.999929,3.133489
-1.67187,8.628792,2.999757,3.133574
-1.721868,8.629202,2.999983,3.13349
-1.771866,8.629598,2.999897,3.133575
-1.821864,8.630008,2.999917,3.13349
-1.871863,8.630404,2.999994,3.133575
-1.921861,8.630813,2.999969,3.13349
-1.971859,8.63121,2.999963,3.133575
-2.021857,8.631619,2.999997,3.13349
-2.071855,8.632016,2.999981,3.133575
-2.121854,8.632425,2.999977,3.133491
-2.171852,8.632821,2.999958,3.133575
-2.22185,8.633231,2.999982,3.133491
-2.271848,8.633627,2.999996,3.133576
-2.321847,8.634037,2.999934,3.133491
-2.371845,8.634433,2.999948,3.133576
-2.421843,8.634843,2.999919,3.133491
-2.471841,8.635239,2.999775,3.133576
-2.52184,8.635649,2.999988,3.133491
-2.571838,8.636045,2.999835,3.133576
-2.621836,8.636455,2.99943,3.133491
-2.671835,8.636851,2.995878,3.133576
-2.721833,8.637261,2.989961,3.133491
-2.771831,8.637631,2.980112,3.133896
-2.821831,8.637911,2.975405,3.135285
-2.87183,8.638129,2.9729,3.137156
-2.92183,8.638255,2.971724,3.139712
-2.97183,8.63831,2.973389,-3.140678
-3.02183,8.638262,2.977024,-3.137394
-3.071829,8.638157,2.983894,-3.13435
-3.121829,8.638036,2.985659,-3.132097
-3.171829,8.637864,2.98709,-3.130179
-3.221828,8.637665,2.987389,-3.128837
-3.271828,8.637407,2.985073,-3.127651
-3.321827,8.637118,2.982317,-3.126895
-3.371826,8.63677,2.985676,-3.126178
-3.421824,8.636394,2.986013,-3.125794
-3.471822,8.635962,2.986732,-3.125371
-3.52182,8.635506,2.987282,-3.125218
-3.571817,8.635001,2.988505,-3.124973
-3.621815,8.634476,2.989147,-3.124959
-3.671811,8.633908,2.990407,-3.124821
-3.721808,8.633326,2.991023,-3.124886
-3.771804,8.632706,2.992153,-3.124807
-3.8218,8.632077,2.99271,-3.124914
-3.871796,8.631415,2.993608,-3.124865
-3.921791,8.630748,2.994014,-3.124993
-3.971786,8.630053,2.995347,-3.124956
-4.021782,8.629357,2.996169,-3.125091
-4.071776,8.628635,2.996169,-3.125056
-4.121771,8.627916,2.995964,-3.12519
-4.171766,8.627174,2.997059,-3.125153
-4.22176,8.626437,2.99737,-3.125283
-4.271754,8.625679,2.997764,-3.12524
-4.321749,8.624929,2.997993,-3.125364
-4.371743,8.624159,2.999081,-3.125315
-4.421737,8.623398,2.99859,-3.125432
-4.471731,8.62262,2.98998,-3.125377
-4.521725,8.621878,2.98216,-3.125809
-4.571721,8.621222,2.97669,-3.127222
-4.621717,8.620625,2.9766,-3.129114
-4.671715,8.620119,2.983109,-3.13169
-4.721713,8.619655,2.988921,-3.134181
-4.771711,8.619189,2.993117,-3.136007
-4.821709,8.618756,2.993,-3.137599
-4.871707,8.618336,2.990921,-3.138696
-4.921705,8.617957,2.988748,-3.139699
-4.971704,8.617593,2.990311,-3.140323
-5.021703,8.617274,2.990172,-3.140947
-5.071702,8.61697,2.990277,-3.141268
-5.121701,8.616708,2.990483,3.141533
-5.171701,8.61646,2.991183,3.141402
-5.2217,8.61625,2.991592,3.141167
-5.2717,8.616051,2.992428,3.141151
-5.3217,8.615886,2.992879,3.141005
-5.371699,8.615728,2.993665,3.141057
-5.421699,8.615601,2.994106,3.140961
-5.471699,8.615477,2.994847,3.141051
-5.521699,8.615381,2.995254,3.140983
-5.571699,8.615284,2.995867,3.141092
-5.621699,8.615213,2.996228,3.141036
-5.671699,8.615138,2.996774,3.141153
-5.721699,8.615086,2.997069,3.141102
-5.771699,8.615028,2.997483,3.14122
-5.821699,8.614991,2.997708,3.141168
-5.871699,8.614946,2.998008,3.141284
-5.921699,8.614921,2.998218,3.141229
-5.971699,8.614887,2.998516,3.141341
-6.021699,8.61487,2.998661,3.141282
-6.071699,8.614844,2.998868,3.14139
-6.121699,8.614834,2.998999,3.141327
-6.171699,8.614813,2.999144,3.141431
-6.221699,8.614809,2.99928,3.141364
-6.271699,8.614792,2.999381,3.141464
-6.321699,8.614791,2.999442,3.141394
-6.371699,8.614778,2.999559,3.141491
-6.421699,8.61478,2.999529,3.141417
-6.471699,8.61477,2.999422,3.141512
-6.521699,8.614774,2.999688,3.141436
-6.571699,8.614765,2.999848,3.141528
-6.621699,8.614771,2.999834,3.14145
-6.671699,8.614763,2.999786,3.141541
-6.721699,8.61477,2.999812,3.141461
-6.771699,8.614764,2.99985,3.14155
-6.821699,8.614771,2.999873,3.141469
-6.871699,8.614766,2.999919,3.141557
-6.921699,8.614774,2.99997,3.141476
-6.971699,8.614768,2.999903,3.141563
-7.021699,8.614777,2.999911,3.14148
-7.071699,8.614772,2.999951,3.141567
-7.121699,8.614781,2.999989,3.141484
-7.171699,8.614776,2.999986,3.14157
-7.221699,8.614786,2.99992,3.141486
-7.271699,8.614781,2.99979,3.141572
-7.321699,8.61479,2.999964,3.141488
-7.371699,8.614786,2.999955,3.141574
-7.421699,8.614795,2.999989,3.14149
-7.471699,8.614791,2.999948,3.141575
-7.521699,8.614801,2.99998,3.141491
-7.571699,8.614797,2.999972,3.141576
-7.621699,8.614806,2.999989,3.141492
-7.671699,8.614802,2.999949,3.141577
-7.721699,8.614812,2.999981,3.141492
-7.771699,8.614808,2.999972,3.141577
-7.821699,8.614817,2.999989,3.141492
-7.871699,8.614813,2.999948,3.141577
-7.921699,8.614823,2.999989,3.141493
-7.971699,8.614819,3,3.141578
-8.021699,8.614828,2.999976,3.141493
-8.071699,8.614825,2.999991,3.141578
-8.121699,8.614834,2.999984,3.141493
-8.171699,8.61483,2.999976,3.141578
-8.221698,8.61484,2.99998,3.141493
-8.271698,8.614836,3,3.141578
-8.321698,8.614845,2.999976,3.141493
-8.371698,8.614842,2.999991,3.141578
-8.421698,8.614851,2.999984,3.141493
-8.471698,8.614847,2.999976,3.141578
-8.521698,8.614857,2.99998,3.141493
-8.571698,8.614853,3,3.141578
-8.621698,8.614862,2.999977,3.141493
-8.671698,8.614859,2.999991,3.141578
-8.721698,8.614868,2.999925,3.141493
-8.771698,8.614864,2.999975,3.141578
-8.821698,8.614874,2.999901,3.141493
-8.871698,8.61487,2.999777,3.141578
-8.921698,8.61488,2.999938,3.141493
-8.971698,8.614876,2.999869,3.141578
-9.021698,8.614885,2.999974,3.141493
-9.071698,8.614881,2.999933,3.141578
-9.121698,8.614891,2.999975,3.141493
-9.171698,8.614887,2.999997,3.141578
-9.221698,8.614897,2.999949,3.141493
-9.271698,8.614893,2.999968,3.141578
-9.321698,8.614902,2.999988,3.141493
-9.371698,8.614898,2.99993,3.141578
-9.421698,8.614908,2.999974,3.141493
-9.471698,8.614904,2.999978,3.141578
-9.521698,8.614914,2.999889,3.141493
-9.571698,8.61491,2.999911,3.141578
-9.621698,8.614919,2.999909,3.141493
-9.671698,8.614915,2.999723,3.141578
-9.721698,8.614925,2.999973,3.141493
-9.771698,8.614921,2.999896,3.141578
-9.821698,8.614931,2.999909,3.141493
-9.871698,8.614927,2.999965,3.141578
-9.921698,8.614936,2.999989,3.141493
-9.971698,8.614932,2.99993,3.141578
-10.021698,8.614942,2.999974,3.141493
-10.071698,8.614938,2.999999,3.141578
-10.121698,8.614948,2.999957,3.141493
-10.171698,8.614944,2.999996,3.141578
-10.221698,8.614953,2.999977,3.141493
-10.271698,8.61495,2.999991,3.141578
-10.321698,8.614959,2.999924,3.141493
-10.371698,8.614955,2.99996,3.141578
-10.421698,8.614965,2.999935,3.141493
-10.471698,8.614961,2.999808,3.141578
-10.521698,8.61497,2.999976,3.141493
-10.571698,8.614967,2.999911,3.141578
-10.621698,8.614976,2.999947,3.141493
-10.671698,8.614972,2.999961,3.141578
-10.721698,8.614982,2.999984,3.141493
-10.771698,8.614978,2.999996,3.141578
-10.821698,8.614988,2.999949,3.141493
-10.871698,8.614984,2.999968,3.141578
-10.921698,8.614993,2.999988,3.141493
-10.971698,8.614989,2.99993,3.141578
-11.021698,8.614999,2.999974,3.141493
-11.071698,8.614995,2.999978,3.141578
-11.121698,8.615005,2.999885,3.141493
-11.171698,8.615001,2.999847,3.141578
-11.221698,8.61501,2.999619,3.141493
-11.271698,8.615006,2.997858,3.141578
-11.321698,8.615016,2.988503,3.141493
-11.371698,8.614986,2.979843,-3.141287
-11.421698,8.614866,2.975621,-3.139898
-11.471698,8.614684,2.972899,-3.138027
-11.521697,8.614409,2.971302,-3.135471
-11.571696,8.614065,2.969238,-3.132676
-11.621694,8.613617,2.966859,-3.129391
-11.671691,8.613085,2.963547,-3.126027
-11.721687,8.612434,2.958891,-3.122301
-11.771681,8.611685,2.947822,-3.118597
-11.821673,8.610775,2.937215,-3.114293
-11.87166,8.609647,2.927005,-3.108923
-11.921643,8.608322,2.920195,-3.103012
-11.971618,8.606763,2.922116,-3.096374
-12.021587,8.604985,2.919396,-3.089469
-12.071544,8.602925,2.896251,-3.081737
-12.121486,8.600519,2.866118,-3.072762
-12.171411,8.597782,2.880103,-3.063109
-12.221314,8.594672,2.872059,-3.052625
-12.271193,8.591201,2.855001,-3.041796
-12.32104,8.587298,2.840307,-3.030081
-12.370846,8.582896,2.828712,-3.01708
-12.420606,8.578005,2.819809,-3.003373
-12.470311,8.572581,2.808831,-2.988813
-12.519955,8.56663,2.791868,-2.973896
-12.56905,8.560126,2.766725,-2.95642
-12.617106,8.553059,2.741525,-2.934598
-12.66412,8.54547,2.690399,-2.909629
-12.710066,8.537276,2.631143,-2.881131
-12.754908,8.52836,2.598565,-2.848419
-12.798602,8.518613,2.572375,-2.810971
-12.841097,8.507931,2.44046,-2.768392
-12.88233,8.496213,2.222022,-2.720398
-12.922226,8.483364,2.230195,-2.666794
-12.960696,8.469294,2.136675,-2.607465
-12.997637,8.453922,1.997487,-2.542368
-13.032938,8.437206,1.899144,-2.471855
-13.066509,8.419171,1.786113,-2.397068
-13.098248,8.399851,1.676513,-2.319009
-13.128048,8.37929,1.497978,-2.2385
-13.155797,8.357545,1.324145,-2.156235
-13.181638,8.33409,1.20441,-2.081855
-13.205736,8.308512,1.199679,-2.02117
-13.228074,8.281084,1.378172,-1.970591
-13.248811,8.251861,1.515572,-1.930526
-13.268163,8.220906,1.774174,-1.900412
-13.286249,8.188456,1.915619,-1.877114
-13.303192,8.154709,2.121746,-1.858533
-13.319112,8.119827,2.225807,-1.843305
-13.33413,8.083944,2.376047,-1.830575
-13.34836,8.047175,2.452957,-1.81984
-13.361912,8.009616,2.560513,-1.810841
-13.374892,7.971349,2.610664,-1.803481
-13.387382,7.932439,2.672125,-1.797515
-13.3994,7.892927,2.697217,-1.792106
-13.410999,7.85286,2.734453,-1.787136
-13.422188,7.812266,2.750813,-1.782061
-13.433011,7.771186,2.777198,-1.776986
-13.443467,7.729642,2.787704,-1.771519
-13.453593,7.687665,2.802092,-1.765885
-13.463378,7.645275,2.805413,-1.759765
-13.472852,7.602498,2.836867,-1.753443
-13.481997,7.559349,2.85228,-1.746632
-13.49084,7.515851,2.834005,-1.739645
-13.499357,7.472016,2.813806,-1.732204
-13.50757,7.427865,2.848544,-1.724634
-13.515452,7.383407,2.848549,-1.716655
-13.523023,7.338662,2.851546,-1.708596
-13.530254,7.293638,2.856431,-1.700172
-13.537188,7.248355,2.869051,-1.692002
-13.543863,7.202832,2.872266,-1.684549
-13.550249,7.157077,2.876345,-1.677363
-13.556367,7.111102,2.875611,-1.670647
-13.562189,7.064915,2.878461,-1.664002
-13.567739,7.01853,2.877847,-1.657672
-13.572991,6.971953,2.878236,-1.65129
-13.577969,6.925197,2.875442,-1.64513
-13.582647,6.878267,2.890914,-1.638844
-13.58705,6.831174,2.899146,-1.632726
-13.591151,6.783926,2.885055,-1.626441
-13.594976,6.736532,2.870845,-1.620295
-13.598498,6.688997,2.902446,-1.613959
-13.601767,6.641333,2.90925,-1.608053
-13.604828,6.593549,2.914032,-1.60304
-13.607656,6.54565,2.914689,-1.598436
-13.610277,6.497643,2.917589,-1.594436
-13.612669,6.449533,2.918628,-1.590609
-13.614861,6.401326,2.925842,-1.587198
-13.616832,6.353026,2.932938,-1.583812
-13.61864,6.304642,2.946679,-1.581035
-13.620336,6.256177,2.95245,-1.5793
-13.621902,6.207637,2.957597,-1.57809
-13.623369,6.159026,2.959334,-1.577577
-13.624722,6.110346,2.967754,-1.577308
-13.625996,6.061602,2.972734,-1.577516
-13.627175,6.012797,2.971919,-1.577791
-13.628297,5.963934,2.972257,-1.578404
-13.629344,5.915016,2.981085,-1.578975
-13.630354,5.866046,2.983044,-1.579798
-13.631307,5.817027,2.982635,-1.580514
-13.63224,5.767961,2.978809,-1.581433
-13.633108,5.71885,2.971908,-1.581892
-13.633868,5.669696,2.968918,-1.581396
-13.634553,5.6205,2.968877,-1.580431
-13.63514,5.571265,2.968748,-1.578791
-13.635654,5.521993,2.968088,-1.576911
-13.636069,5.472685,2.964403,-1.574543
-13.636407,5.423344,2.949569,-1.572086
-13.636612,5.373971,2.932602,-1.568947
-13.636604,5.324568,2.927091,-1.564367
-13.636329,5.275138,2.929837,-1.558056
-13.635832,5.22617,2.918718,-1.550457
-13.635154,5.177645,2.896186,-1.542563
-13.634216,5.129054,2.902275,-1.534328
-13.632953,5.080404,2.901706,-1.525262
-13.631402,5.031699,2.915837,-1.516151
-13.629622,4.982941,2.931407,-1.507903
-13.627674,4.934132,2.958425,-1.501241
-13.625618,4.885272,2.977328,-1.496741
-13.623522,4.836362,2.995914,-1.494852
-13.62146,4.787401,2.980734,-1.495932
-13.61949,4.738389,2.967208,-1.499942
-13.617599,4.689328,2.959615,-1.505968
-13.615838,4.64022,2.948768,-1.51387
-13.61421,4.591066,2.93929,-1.522937
-13.612775,4.541867,2.927319,-1.533198
-13.611538,4.492626,2.918909,-1.544078
-13.610561,4.443343,2.914833,-1.555717
-13.609826,4.394023,2.912827,-1.567315
-13.609313,4.344668,2.911277,-1.578267
-13.609082,4.29528,2.909667,-1.588978
-13.609103,4.245862,2.912549,-1.598858
-13.609351,4.196418,2.912795,-1.607474
-13.609868,4.146949,2.918851,-1.615369
-13.610614,4.097458,2.9236,-1.622064
-13.611548,4.047946,2.932227,-1.62721
-13.6127,3.998416,2.938382,-1.631423
-13.614016,3.948868,2.950946,-1.634277
-13.615442,3.899303,2.956853,-1.635466
-13.616996,3.849722,2.963795,-1.63564
-13.61864,3.800125,2.967529,-1.634716
-13.620385,3.750513,2.974655,-1.633234
-13.622187,3.700887,2.97946,-1.631022
-13.624054,3.651247,2.987093,-1.628548
-13.625941,3.601592,2.992044,-1.625579
-13.627858,3.551923,2.999294,-1.622535
-13.62976,3.50224,2.995887,-1.619146
-13.631657,3.452543,2.98954,-1.615797
-13.633507,3.402832,2.985301,-1.612193
-13.635324,3.353108,2.979992,-1.608701
-13.637066,3.303369,2.976265,-1.605006
-13.63875,3.253617,2.972076,-1.601464
-13.640337,3.203852,2.969332,-1.597748
-13.641845,3.154074,2.969616,-1.594207
-13.643238,3.104284,2.97278,-1.590509
-13.644561,3.054482,2.979789,-1.587314
-13.645857,3.004671,2.981872,-1.585119
-13.647093,2.954851,2.984433,-1.583421
-13.648292,2.905022,2.985531,-1.582426
-13.64943,2.855183,2.983707,-1.581689
-13.650533,2.805337,2.98206,-1.581457
-13.651579,2.755483,2.986729,-1.581322
-13.6526,2.705623,2.987845,-1.581565
-13.653573,2.655755,2.989537,-1.5818
-13.65453,2.60588,2.990812,-1.582328
-13.655449,2.556,2.993057,-1.582782
-13.656363,2.506114,2.994428,-1.583475
-13.65725,2.456223,2.996372,-1.584051
-13.658141,2.406327,2.997144,-1.584834
-13.659014,2.356426,2.995272,-1.585474
-13.6599,2.306521,2.990326,-1.5863
-13.660749,2.256611,2.980395,-1.586647
-13.661515,2.206696,2.973388,-1.586018
-13.662229,2.156777,2.967424,-1.58491
-13.662837,2.106852,2.962947,-1.582797
-13.663286,2.056922,2.951609,-1.579291
-13.663601,2.006988,2.938181,-1.574981
-13.663746,1.957051,2.944104,-1.569733
-13.663736,1.90711,2.940285,-1.56405
-13.663533,1.857166,2.934361,-1.557726
-13.66315,1.807221,2.929542,-1.551207
-13.662546,1.757276,2.924709,-1.544239
-13.661734,1.707331,2.919994,-1.53723
-13.660674,1.657389,2.915663,-1.529894
-13.65938,1.60745,2.910708,-1.522613
-13.657814,1.557516,2.903517,-1.515083
-13.655989,1.507589,2.893313,-1.507666
-13.653845,1.457674,2.877826,-1.499724
-13.65132,1.407774,2.866593,-1.490779
-13.648434,1.357892,2.875772,-1.481345
-13.64515,1.308033,2.879117,-1.471224
-13.641482,1.258199,2.851891,-1.460871
-13.637365,1.208399,2.810548,-1.449719
-13.632737,1.158642,2.830872,-1.437346
-13.627614,1.108933,2.823817,-1.424314
-13.621952,1.059281,2.814608,-1.410466
-13.615765,1.00969,2.806612,-1.396283
-13.609007,0.960173,2.794386,-1.381544
-13.60176,0.911205,2.771939,-1.365171
-13.594021,0.863275,2.725429,-1.345163
-13.585691,0.816411,2.677969,-1.320893
-13.576673,0.770643,2.608599,-1.291858
-13.566872,0.72601,2.547429,-1.25766
-13.556187,0.682559,2.460689,-1.217986
-13.544521,0.640347,2.383591,-1.172598
-13.531776,0.599444,2.276722,-1.121329
-13.517859,0.559933,2.183914,-1.064069
-13.502681,0.521911,2.070874,-1.000773
-13.486188,0.485482,1.979743,-0.931781
-13.468397,0.450736,1.872955,-0.858221
-13.449326,0.417769,1.768195,-0.781087
-13.429004,0.38669,1.599118,-0.70119
-13.407473,0.357611,1.434995,-0.619217
-13.384227,0.330378,1.315022,-0.544374
-13.358859,0.304827,1.299082,-0.482414
-13.331617,0.280993,1.43532,-0.430174
-13.302748,0.25886,1.533001,-0.385486
-13.272272,0.238255,1.744399,-0.349449
-13.240212,0.218962,1.871218,-0.322076
-13.206779,0.200866,2.062795,-0.300809
-13.172149,0.183845,2.160682,-0.283923
-13.136469,0.167782,2.387554,-0.270288
-13.099862,0.152556,2.500335,-0.259195
-13.062434,0.138052,2.494085,-0.250227
-13.024269,0.124179,2.501179,-0.242917
-12.985417,0.110909,2.639909,-0.23628
-12.945938,0.098179,2.663793,-0.230097
-12.90587,0.085974,2.692535,-0.223761
-12.865259,0.074242,2.708627,-0.217337
-12.824134,0.062981,2.735996,-0.210412
-12.782531,0.05215,2.746712,-0.2032
-12.740474,0.041758,2.765811,-0.195383
-12.697991,0.031772,2.771962,-0.187246
-12.655102,0.022209,2.785585,-0.17851
-12.611832,0.013043,2.79042,-0.169494
-12.568195,0.004298,2.804513,-0.159932
-12.524218,-0.004071,2.810565,-0.150437
-12.479925,-0.012104,2.841001,-0.141472
-12.435328,-0.019773,2.85403,-0.132616
-12.390444,-0.027099,2.8336,-0.124079
-12.345283,-0.034054,2.811085,-0.115486
-12.299863,-0.04066,2.849052,-0.107089
-12.254194,-0.046889,2.854412,-0.098542
-12.208292,-0.052787,2.863857,-0.090419
-12.162177,-0.058398,2.867474,-0.083148
-12.115855,-0.063695,2.872595,-0.076248
-12.069339,-0.068701,2.872801,-0.069897
-12.022637,-0.073393,2.877659,-0.063674
-11.97576,-0.077798,2.880316,-0.057811
-11.928716,-0.081893,2.893402,-0.051926
-11.881518,-0.08573,2.901934,-0.04659
-11.834177,-0.089361,2.91023,-0.042226
-11.786699,-0.09276,2.910999,-0.038327
-11.739093,-0.095961,2.924541,-0.035066
-11.691363,-0.098942,2.931681,-0.032002
-11.643519,-0.101737,2.923045,-0.029364
-11.595564,-0.104328,2.912412,-0.026755
-11.547507,-0.106747,2.936307,-0.024442
-11.49935,-0.108977,2.944943,-0.022058
-11.451102,-0.111049,2.943025,-0.019893
-11.402764,-0.112945,2.936481,-0.017597
-11.354344,-0.114696,2.939555,-0.015477
-11.305845,-0.116281,2.942831,-0.013193
-11.257271,-0.117731,2.946299,-0.011064
-11.208626,-0.119024,2.947576,-0.008754
-11.159914,-0.120189,2.953527,-0.006588
-11.111138,-0.121204,2.959962,-0.004234
-11.062303,-0.122122,2.971819,-0.002333
-11.013412,-0.122995,2.976841,-0.001365
-10.964467,-0.123798,2.980901,-0.000837
-10.915472,-0.124563,2.982433,-0.000951
-10.866428,-0.125268,2.98548,-0.00127
-10.817339,-0.125948,2.987491,-0.002041
-10.768206,-0.126583,2.990968,-0.002864
-10.719031,-0.127208,2.993221,-0.004018
-10.669818,-0.127805,2.996447,-0.005129
-10.620567,-0.128408,2.998051,-0.006495
-10.571281,-0.128996,2.997344,-0.007759
-10.521961,-0.129605,2.993284,-0.009234
-10.472608,-0.130187,2.985731,-0.010254
-10.423225,-0.130699,2.982596,-0.010323
-10.373811,-0.131173,2.982016,-0.009928
-10.32437,-0.131584,2.981844,-0.008861
-10.274901,-0.131959,2.981013,-0.00756
-10.225407,-0.132268,2.979544,-0.005774
-10.175889,-0.132535,2.980495,-0.003906
-10.126347,-0.132728,2.980978,-0.001675
-10.076784,-0.132869,2.978474,0.00054
-10.027199,-0.132927,2.981783,0.003039
-9.977595,-0.132948,2.9934,0.00514
-9.927972,-0.132979,2.995995,0.006333
-9.878331,-0.132986,2.996492,0.007099
-9.828673,-0.132995,2.996474,0.007222
-9.778999,-0.13298,2.997192,0.007135
-9.729309,-0.13297,2.997973,0.00658
-9.679604,-0.132942,2.999566,0.005959
-9.629886,-0.132926,2.999156,0.004986
-9.580154,-0.132901,2.99722,0.00404
-9.530409,-0.132899,2.995852,0.002817
-9.480652,-0.132896,2.993759,0.00168
-9.430884,-0.132926,2.992164,0.000313
-9.381104,-0.132965,2.991437,-0.000931
-9.331315,-0.133045,2.990875,-0.002374
-9.281515,-0.133144,2.988315,-0.003672
-9.231706,-0.133291,2.985718,-0.005152
-9.181887,-0.133463,2.990621,-0.006471
-9.132061,-0.13369,2.995355,-0.007964
-9.082226,-0.133922,2.996155,-0.008969
-9.032383,-0.134113,2.992263,-0.008993
-8.982533,-0.13429,2.990338,-0.008534
-8.932675,-0.134427,2.989516,-0.007389
-8.882811,-0.134547,2.988034,-0.006002
-8.83294,-0.134619,2.98642,-0.004123
-8.783063,-0.134664,2.984165,-0.00216
-8.73318,-0.134648,2.982587,0.000169
-8.683292,-0.134592,2.983648,0.002479
-8.633398,-0.134462,2.987564,0.005072
-8.583499,-0.134305,2.995501,0.007263
-8.533596,-0.134164,2.998199,0.008534
-8.483688,-0.134006,2.998649,0.009371
-8.433776,-0.133856,2.997843,0.009555
-8.383859,-0.133685,2.998501,0.009523
-8.333939,-0.133523,2.9992,0.009014
-8.284015,-0.133346,2.999459,0.008433
-8.234087,-0.133184,2.998344,0.007492
-8.184156,-0.133015,2.99659,0.006574
-8.134221,-0.13287,2.995292,0.005372
-8.084283,-0.132727,2.993542,0.004252
-8.034343,-0.132617,2.992229,0.002898
-7.984399,-0.132517,2.990563,0.001664
-7.934453,-0.13246,2.989324,0.000226
-7.884504,-0.132421,2.987628,-0.001067
-7.834553,-0.132431,2.986194,-0.002546
-7.784599,-0.132468,2.986697,-0.003866
-7.734644,-0.13256,2.987213,-0.005361
-7.684686,-0.132684,2.986271,-0.006689
-7.634726,-0.132869,2.991938,-0.008185
-7.584765,-0.133064,2.997076,-0.00919
-7.534801,-0.133222,2.99358,-0.009208
-7.484836,-0.133371,2.991743,-0.008741
-7.434869,-0.133484,2.990756,-0.007584
-7.384901,-0.133583,2.989054,-0.006184
-7.334931,-0.133636,2.987417,-0.00429
-7.284959,-0.133665,2.985101,-0.002311
-7.234987,-0.133636,2.983437,0.000034
-7.185012,-0.133569,2.984399,0.00236
-7.135037,-0.133429,2.988142,0.004971
-7.085061,-0.133264,2.995535,0.007178
-7.035084,-0.133116,2.998125,0.008464
-6.985105,-0.132952,2.998761,0.009314
-6.935126,-0.132797,2.998765,0.009509
-6.885145,-0.132622,2.998793,0.009486
-6.835164,-0.132457,2.999206,0.008986
-6.785182,-0.132276,2.999364,0.008412
-6.735199,-0.132112,2.998248,0.007477
-6.685215,-0.13194,2.996514,0.006563
-6.63523,-0.131793,2.995218,0.005364
-6.585245,-0.131648,2.993472,0.004247
-6.535259,-0.131536,2.992162,0.002894
-6.485272,-0.131435,2.990503,0.001662
-6.435284,-0.131376,2.989258,0.000224
-6.385296,-0.131336,2.987941,-0.001069
-6.335308,-0.131346,2.987303,-0.002549
-6.285318,-0.131381,2.989757,-0.00387
-6.235329,-0.131473,2.994683,-0.005366
-6.185339,-0.13157,2.996326,-0.006375
-6.135348,-0.131625,2.992451,-0.006399
-6.085357,-0.131668,2.99056,-0.005941
-6.035365,-0.13167,2.989746,-0.004793
-5.985373,-0.131657,2.988291,-0.003403
-5.935381,-0.131595,2.9871,-0.001518
-5.885388,-0.131507,2.988358,0.000452
-5.835395,-0.131358,2.992224,0.002788
-5.785402,-0.131195,2.99963,0.004787
-5.735409,-0.131062,2.997727,0.005916
-5.685415,-0.130924,2.997509,0.006651
-5.635421,-0.130806,2.998,0.006764
-5.585426,-0.130678,2.998032,0.006684
-5.535432,-0.130568,2.997555,0.006146
-5.485437,-0.130453,2.996495,0.005549
-5.435442,-0.130361,2.995497,0.004602
-5.385446,-0.130268,2.994652,0.003685
-5.33545,-0.130207,2.993943,0.002489
-5.285454,-0.130154,2.991859,0.001379
-5.235458,-0.130139,2.989155,0.000036
-5.185462,-0.130139,2.98946,-0.001185
-5.135466,-0.130185,2.98828,-0.00261
-5.085469,-0.130254,2.986847,-0.00389
-5.035472,-0.130376,2.986292,-0.005357
-4.985476,-0.130526,2.988878,-0.006665
-4.935479,-0.130735,2.993874,-0.008149
-4.885482,-0.130952,2.997001,-0.009147
-4.835485,-0.131128,2.993068,-0.009161
-4.785488,-0.131294,2.991077,-0.008692
-4.73549,-0.131421,2.990171,-0.007535
-4.685493,-0.131533,2.988576,-0.006136
-4.635495,-0.131598,2.986934,-0.004244
-4.585497,-0.131637,2.984652,-0.002267
-4.535499,-0.131617,2.983038,0.000076
-4.485501,-0.131557,2.983968,0.0024
-4.435503,-0.131425,2.987796,0.005009
-4.385505,-0.131265,2.995794,0.007214
-4.335507,-0.131122,2.998415,0.008498
-4.285508,-0.130963,2.99872,0.009346
-4.23551,-0.130812,2.998218,0.009539
-4.185512,-0.13064,2.998476,0.009514
-4.135513,-0.130478,2.999169,0.009012
-4.085515,-0.1303,2.999468,0.008435
-4.035516,-0.130138,2.998355,0.007498
-3.985518,-0.129968,2.996623,0.006582
-3.935519,-0.129823,2.995339,0.005382
-3.88552,-0.129679,2.993378,0.004263
-3.835521,-0.129568,2.991819,0.002908
-3.785523,-0.129468,2.991195,0.001674
-3.735523,-0.12941,2.990711,0.000235
-3.685524,-0.129371,2.988123,-0.00106
-3.635525,-0.129381,2.984888,-0.002541
-3.585526,-0.129417,2.986256,-0.003863
-3.535527,-0.129509,2.985716,-0.005361
-3.485528,-0.129632,2.987988,-0.006691
-3.435529,-0.129817,2.992986,-0.008191
-3.38553,-0.130012,2.997866,-0.009199
-3.335531,-0.130169,2.993924,-0.009218
-3.285531,-0.130318,2.991827,-0.008753
-3.235532,-0.130431,2.990801,-0.007596
-3.185533,-0.13053,2.989082,-0.006196
-3.135533,-0.130583,2.987419,-0.004301
-3.085534,-0.130612,2.984766,-0.002322
-3.035534,-0.130583,2.982813,0.000025
-2.985535,-0.130516,2.985458,0.002353
-2.935535,-0.130376,2.989983,0.004966
-2.885536,-0.130211,2.994041,0.007174
-2.835536,-0.130063,2.998002,0.008462
-2.785537,-0.1299,2.99859,0.009314
-2.735538,-0.129744,2.99843,0.00951
-2.685538,-0.12957,2.99874,0.009488
-2.635539,-0.129405,2.999275,0.008989
-2.585539,-0.129224,2.999373,0.008415
-2.53554,-0.12906,2.99825,0.007481
-2.485541,-0.128888,2.996513,0.006567
-2.435541,-0.128741,2.995216,0.005368
-2.385542,-0.128596,2.993465,0.004251
-2.335542,-0.128484,2.992121,0.002898
-2.285542,-0.128383,2.990261,0.001665
-2.235542,-0.128325,2.988845,0.000227
-2.185543,-0.128284,2.98876,-0.001067
-2.135543,-0.128294,2.988519,-0.002547
-2.085543,-0.128329,2.985743,-0.003869
-2.035543,-0.128421,2.98302,-0.005366
-1.985544,-0.128544,2.988666,-0.006695
-1.935544,-0.128728,2.993523,-0.008194
-1.885545,-0.128923,2.997841,-0.009202
-1.835545,-0.12908,2.993894,-0.009221
-1.785545,-0.129229,2.991807,-0.008755
-1.735546,-0.129341,2.990864,-0.007598
-1.685546,-0.12944,2.989156,-0.006198
-1.635546,-0.129494,2.987402,-0.004303
-1.585546,-0.129523,2.985026,-0.002323
-1.535546,-0.129493,2.983433,0.000023
-1.485546,-0.129426,2.984379,0.002352
-1.435547,-0.129286,2.988208,0.004965
-1.385547,-0.129121,2.995968,0.007174
-1.335547,-0.128973,2.998548,0.008461
-1.285548,-0.12881,2.998958,0.009313
-1.235548,-0.128654,2.998197,0.00951
-1.185548,-0.12848,2.998738,0.009488
-1.135549,-0.128314,2.99938,0.008988
-1.085549,-0.128134,2.999327,0.008415
-1.035549,-0.12797,2.998275,0.00748
-0.98555,-0.127798,2.996542,0.006566
-0.93555,-0.127651,2.995228,0.005368
-0.88555,-0.127506,2.993478,0.004251
-0.835551,-0.127394,2.992167,0.002898
-0.785551,-0.127293,2.990515,0.001665
-0.735551,-0.127234,2.989249,0.000227
-0.685551,-0.127194,2.987574,-0.001067
-0.635551,-0.127204,2.986212,-0.002547
-0.585551,-0.127239,2.98665,-0.003869
-0.535551,-0.127331,2.986746,-0.005366
-0.485551,-0.127454,2.983885,-0.006695
-0.435552,-0.127638,2.980969,-0.008194
-0.385552,-0.127859,2.987123,-0.009522
-0.335553,-0.128146,2.992186,-0.011015
-0.285554,-0.128447,2.998975,-0.012015
-0.235555,-0.128713,2.994994,-0.012025
-0.185555,-0.128974,2.992796,-0.01155
-0.135556,-0.129202,2.99172,-0.010383
-0.085556,-0.129418,2.989797,-0.008972
-0.035557,-0.129591,2.987704,-0.007067
0.014443,-0.129742,2.984421,-0.005078
0.064443,-0.129835,2.98416,-0.002723
0.114443,-0.129892,2.987777,-0.000386
0.164443,-0.129879,2.989303,0.002235
0.214443,-0.12984,2.995015,0.004451
0.264443,-0.12982,2.998068,0.005745
0.314443,-0.129785,2.999039,0.006602
0.364443,-0.129759,2.998435,0.006804
0.414443,-0.129714,2.99888,0.006787
0.464443,-0.129679,2.999503,0.006291
0.514443,-0.129629,2.999191,0.005722
0.564442,-0.129596,2.998123,0.00479
0.614442,-0.129556,2.996436,0.003879
0.664442,-0.12954,2.995109,0.002683
0.714442,-0.129527,2.99335,0.001568
0.764442,-0.129548,2.992101,0.000217
0.814442,-0.129579,2.990503,-0.001014
0.864442,-0.129653,2.989249,-0.00245
0.914442,-0.129745,2.987665,-0.003743
0.964442,-0.129888,2.986894,-0.005222
1.014442,-0.130056,2.991068,-0.006542
1.064441,-0.13028,2.99664,-0.008038
1.114441,-0.13051,2.99792,-0.009047
1.16444,-0.130698,2.993232,-0.009071
1.21444,-0.130874,2.990421,-0.008613
1.26444,-0.13101,2.989647,-0.007465
1.31444,-0.131129,2.988208,-0.006074
1.36444,-0.131201,2.986597,-0.004188
1.41444,-0.131246,2.984296,-0.002218
1.46444,-0.13123,2.982743,0.000119
1.51444,-0.131174,2.983929,0.002438
1.564439,-0.131045,2.987721,0.005042
1.614439,-0.130889,2.995151,0.007243
1.664439,-0.130749,2.997813,0.008523
1.714439,-0.130592,2.998321,0.009368
1.764438,-0.130442,2.998036,0.009558
1.814438,-0.130272,2.998591,0.009531
1.864438,-0.130111,2.999349,0.009026
1.914438,-0.129935,2.99979,0.008448
1.964437,-0.129773,2.998229,0.00751
2.014437,-0.129604,2.996714,0.006592
2.064437,-0.129459,2.995401,0.00539
2.114437,-0.129316,2.993577,0.00427
2.164436,-0.129206,2.992258,0.002915
2.214436,-0.129106,2.99058,0.00168
2.264436,-0.129049,2.989369,0.00024
2.314436,-0.12901,2.988001,-0.001056
2.364436,-0.12902,2.986857,-0.002538
2.414436,-0.129056,2.985719,-0.00386
2.464436,-0.129148,2.98518,-0.005359
2.514436,-0.129272,2.987996,-0.006689
2.564436,-0.129457,2.99336,-0.008189
2.614435,-0.129652,2.99789,-0.009197
2.664435,-0.129809,2.994701,-0.009217
2.714435,-0.129958,2.992061,-0.008752
2.764435,-0.130071,2.989443,-0.007596
2.814435,-0.13017,2.989395,-0.006196
2.864435,-0.130223,2.987763,-0.004301
2.914435,-0.130252,2.98517,-0.002322
2.964434,-0.130223,2.983479,0.000025
3.014434,-0.130156,2.984431,0.002353
3.064434,-0.130016,2.988201,0.004966
3.114434,-0.129851,2.995621,0.007175
3.164434,-0.129704,2.998227,0.008462
3.214433,-0.12954,2.998704,0.009314
3.264433,-0.129385,2.998428,0.00951
3.314433,-0.12921,2.998755,0.009488
3.364433,-0.129045,2.999331,0.008989
3.414432,-0.128865,2.999359,0.008415
3.464432,-0.1287,2.998232,0.007481
3.514432,-0.128529,2.996532,0.006567
3.564432,-0.128382,2.995265,0.005368
3.614431,-0.128236,2.993445,0.004251
3.664431,-0.128125,2.992136,0.002898
3.714431,-0.128024,2.990552,0.001665
3.764431,-0.127965,2.989322,0.000227
3.814431,-0.127925,2.987894,-0.001067
3.864431,-0.127934,2.986764,-0.002547
3.914431,-0.12797,2.985708,-0.003869
3.964431,-0.128061,2.985186,-0.005366
4.014431,-0.128184,2.987884,-0.006695
4.06443,-0.128369,2.992949,-0.008194
4.11443,-0.128563,2.997864,-0.009202
4.16443,-0.128721,2.993863,-0.009221
4.21443,-0.128869,2.991802,-0.008755
4.264429,-0.128981,2.990898,-0.007598
4.314429,-0.12908,2.988802,-0.006198
4.364429,-0.129134,2.986389,-0.004303
4.414429,-0.129163,2.985031,-0.002323
4.464429,-0.129134,2.985598,0.000023
4.514429,-0.129066,2.985611,0.002352
4.564429,-0.128927,2.987074,0.004965
4.614429,-0.128761,2.994831,0.007174
4.664429,-0.128613,2.998178,0.008461
4.714428,-0.12845,2.998753,0.009313
4.764428,-0.128295,2.998402,0.00951
4.814428,-0.12812,2.998699,0.009488
4.864427,-0.127955,2.999311,0.008988
4.914427,-0.127774,2.999253,0.008415
4.964427,-0.12761,2.998085,0.00748
5.014427,-0.127439,2.99683,0.006566
5.064426,-0.127291,2.995827,0.005368
5.114426,-0.127146,2.993753,0.004251
5.164426,-0.127034,2.990942,0.002898
5.214426,-0.126933,2.990809,0.001665
5.264426,-0.126875,2.989632,0.000227
5.314426,-0.126834,2.987961,-0.001067
5.364426,-0.126844,2.986783,-0.002547
5.414426,-0.126879,2.985622,-0.003869
5.464426,-0.126971,2.984689,-0.005366
5.514426,-0.127094,2.983871,-0.006695
5.564425,-0.127278,2.98342,-0.008194
5.614425,-0.127499,2.986324,-0.009522
5.664424,-0.127786,2.991539,-0.011015
5.714423,-0.128087,2.998919,-0.012015
5.764422,-0.128353,2.99472,-0.012025
5.814422,-0.128615,2.993264,-0.01155
5.864421,-0.128842,2.992732,-0.010383
5.914421,-0.129058,2.990278,-0.008972
5.96442,-0.129231,2.986449,-0.007067
6.01442,-0.129382,2.986055,-0.005078
6.06442,-0.129476,2.984344,-0.002723
6.11442,-0.129533,2.984896,-0.000386
6.16442,-0.129519,2.988571,0.002235
6.21442,-0.12948,2.995954,0.004451
6.26442,-0.12946,2.9986,0.005745
6.31442,-0.129425,2.999005,0.006602
6.36442,-0.129399,2.998656,0.006804
6.41442,-0.129354,2.998931,0.006787
6.46442,-0.129319,2.999496,0.006291
6.51442,-0.12927,2.999237,0.005722
6.56442,-0.129236,2.998129,0.00479
6.61442,-0.129196,2.996414,0.003879
6.66442,-0.129181,2.995161,0.002683
6.71442,-0.129167,2.993386,0.001568
6.76442,-0.129188,2.992067,0.000217
6.81442,-0.129219,2.99044,-0.001014
6.86442,-0.129293,2.98923,-0.00245
6.91442,-0.129386,2.987902,-0.003743
6.964419,-0.129528,2.986804,-0.005222
7.014419,-0.129696,2.985662,-0.006542
7.064419,-0.12992,2.985108,-0.008038
7.114418,-0.130177,2.987882,-0.009367
7.164417,-0.130494,2.99296,-0.010866
7.214416,-0.130822,2.997883,-0.011872
7.264415,-0.131112,2.993902,-0.011891
7.314414,-0.131394,2.991614,-0.011425
7.364414,-0.131639,2.99044,-0.010268
7.414413,-0.131872,2.989914,-0.008867
7.464413,-0.132058,2.989042,-0.006972
7.514413,-0.132221,2.985141,-0.004992
7.564412,-0.132325,2.977003,-0.002645
7.614412,-0.132391,2.969228,-0.000317
7.664412,-0.132358,2.959628,0.002617
7.714412,-0.13217,2.950799,0.00662
7.764411,-0.131848,2.946634,0.011168
7.814408,-0.131356,2.94275,0.016446
7.864404,-0.130709,2.938422,0.021994
7.914397,-0.12987,2.930745,0.028052
7.964387,-0.128852,2.920658,0.034202
8.014371,-0.127591,2.906854,0.041039
8.064346,-0.126025,2.897983,0.049009
8.114312,-0.12417,2.891829,0.057568
8.164264,-0.121985,2.886281,0.06689
8.214201,-0.119482,2.880747,0.076505
8.264119,-0.116619,2.872856,0.086643
8.314016,-0.113408,2.859555,0.096882
8.363884,-0.109779,2.845511,0.107812
8.413714,-0.105669,2.831709,0.119875
8.463504,-0.101092,2.818308,0.132526
8.513241,-0.095977,2.803455,0.146257
8.562913,-0.090261,2.791427,0.161429
8.612513,-0.083952,2.780571,0.177431
8.661556,-0.077061,2.763766,0.196086
8.709564,-0.069676,2.727486,0.218071
8.756517,-0.061721,2.683472,0.24372
8.802382,-0.053086,2.613452,0.273689
8.84712,-0.043664,2.549649,0.308492
8.890684,-0.033351,2.446788,0.348524
8.933017,-0.022045,2.351339,0.39408
8.97405,-0.009646,2.318152,0.445374
9.0137,0.003942,2.292937,0.502544
9.051871,0.018806,2.100071,0.565662
9.088454,0.035009,1.803214,0.634504
9.123341,0.052573,1.882126,0.708464
9.156436,0.071466,1.781871,0.786381
9.187629,0.091655,1.581292,0.86734
9.216805,0.113092,1.412659,0.950579
9.244115,0.136281,1.287555,1.026719
9.26972,0.161625,1.270057,1.089888
9.293577,0.188872,1.418373,1.143274
9.315828,0.217975,1.536299,1.186123
9.33667,0.248874,1.773421,1.218754
9.356204,0.281324,1.904142,1.244248
9.374544,0.315124,2.084138,1.264699
9.391802,0.350101,2.166372,1.281497
9.408095,0.386114,2.377628,1.295535
9.423537,0.42304,2.516533,1.307356
9.438239,0.460777,2.559668,1.317255
9.452307,0.499237,2.556877,1.325366
9.465828,0.538348,2.625595,1.331964
9.478819,0.578069,2.668807,1.337926

